admin_ivanov,68ac08115fe751cbf137c198d71eaaa56b4498c0eb08b7144c752513ecb0f094
analyst_petro,e752fa91d954a69073b82aacb653f4cd855887c6a38c46a4c56c42aa403c47d4
guard_maria,d7d1a5c502b68aafba99b3d0f734ec84e1d0a542ade0c52ff09df497a51e1300
chief_oleh,f7aeca07372e255a492c4afb29ac2a078c0e79a25c677acf40cb8596fd46d8fa
clerk_anna,a558e376492f25ce664b6bd3c41717b153179eb1441cc7a5ba0b15313cfac8dc
tech_dmytro,c8f927627241389d2d35dcf3e3ca4c31a1c408038fc6f79006e1594edba5d55e
audit_svitlana,b1a57f7981ff186ac8d533299754c944d3a1f7a45b739951e6290e6618cfc9f2
guest_taras,2fb15bcb61047dda55d422565005af39ab3bb2eef351512c53afbb75260f5aa3
intern_olena,f3a21cf93c5a8240bbec2dc2b3e83e027f4262d4f819580fe594457379e85efb
manager_vasyl,031a9c1238a56b915ba0c1c4a973184befc9d5d68f8b2a228ad325aa41d3b5da
